task_id,tier,group_key,run_index,total_runs,seed,market,symbol,provider,pools,pipeline
core_symbol_BTCUSDT_001,core_symbol,core_symbol::BTCUSDT,1,50,42,crypto,BTCUSDT,binance,['top3'],"['src.ingestion.update_data', 'src.preprocessing.validate_data', 'src.features.build_features', 'src.labels.build_labels', 'src.split.build_folds', 'src.models.train', 'src.models.calibrate', 'src.models.predict', 'src.evaluation.walk_forward', 'src.evaluation.backtest']"
core_symbol_BTCUSDT_002,core_symbol,core_symbol::BTCUSDT,2,50,59,crypto,BTCUSDT,binance,['top3'],"['src.ingestion.update_data', 'src.preprocessing.validate_data', 'src.features.build_features', 'src.labels.build_labels', 'src.split.build_folds', 'src.models.train', 'src.models.calibrate', 'src.models.predict', 'src.evaluation.walk_forward', 'src.evaluation.backtest']"
core_symbol_BTCUSDT_003,core_symbol,core_symbol::BTCUSDT,3,50,76,crypto,BTCUSDT,binance,['top3'],"['src.ingestion.update_data', 'src.preprocessing.validate_data', 'src.features.build_features', 'src.labels.build_labels', 'src.split.build_folds', 'src.models.train', 'src.models.calibrate', 'src.models.predict', 'src.evaluation.walk_forward', 'src.evaluation.backtest']"
core_symbol_BTCUSDT_004,core_symbol,core_symbol::BTCUSDT,4,50,93,crypto,BTCUSDT,binance,['top3'],"['src.ingestion.update_data', 'src.preprocessing.validate_data', 'src.features.build_features', 'src.labels.build_labels', 'src.split.build_folds', 'src.models.train', 'src.models.calibrate', 'src.models.predict', 'src.evaluation.walk_forward', 'src.evaluation.backtest']"
core_symbol_BTCUSDT_005,core_symbol,core_symbol::BTCUSDT,5,50,110,crypto,BTCUSDT,binance,['top3'],"['src.ingestion.update_data', 'src.preprocessing.validate_data', 'src.features.build_features', 'src.labels.build_labels', 'src.split.build_folds', 'src.models.train', 'src.models.calibrate', 'src.models.predict', 'src.evaluation.walk_forward', 'src.evaluation.backtest']"
core_symbol_BTCUSDT_006,core_symbol,core_symbol::BTCUSDT,6,50,127,crypto,BTCUSDT,binance,['top3'],"['src.ingestion.update_data', 'src.preprocessing.validate_data', 'src.features.build_features', 'src.labels.build_labels', 'src.split.build_folds', 'src.models.train', 'src.models.calibrate', 'src.models.predict', 'src.evaluation.walk_forward', 'src.evaluation.backtest']"
core_symbol_BTCUSDT_007,core_symbol,core_symbol::BTCUSDT,7,50,144,crypto,BTCUSDT,binance,['top3'],"['src.ingestion.update_data', 'src.preprocessing.validate_data', 'src.features.build_features', 'src.labels.build_labels', 'src.split.build_folds', 'src.models.train', 'src.models.calibrate', 'src.models.predict', 'src.evaluation.walk_forward', 'src.evaluation.backtest']"
core_symbol_BTCUSDT_008,core_symbol,core_symbol::BTCUSDT,8,50,161,crypto,BTCUSDT,binance,['top3'],"['src.ingestion.update_data', 'src.preprocessing.validate_data', 'src.features.build_features', 'src.labels.build_labels', 'src.split.build_folds', 'src.models.train', 'src.models.calibrate', 'src.models.predict', 'src.evaluation.walk_forward', 'src.evaluation.backtest']"
core_symbol_BTCUSDT_009,core_symbol,core_symbol::BTCUSDT,9,50,178,crypto,BTCUSDT,binance,['top3'],"['src.ingestion.update_data', 'src.preprocessing.validate_data', 'src.features.build_features', 'src.labels.build_labels', 'src.split.build_folds', 'src.models.train', 'src.models.calibrate', 'src.models.predict', 'src.evaluation.walk_forward', 'src.evaluation.backtest']"
core_symbol_BTCUSDT_010,core_symbol,core_symbol::BTCUSDT,10,50,195,crypto,BTCUSDT,binance,['top3'],"['src.ingestion.update_data', 'src.preprocessing.validate_data', 'src.features.build_features', 'src.labels.build_labels', 'src.split.build_folds', 'src.models.train', 'src.models.calibrate', 'src.models.predict', 'src.evaluation.walk_forward', 'src.evaluation.backtest']"
core_symbol_BTCUSDT_011,core_symbol,core_symbol::BTCUSDT,11,50,212,crypto,BTCUSDT,binance,['top3'],"['src.ingestion.update_data', 'src.preprocessing.validate_data', 'src.features.build_features', 'src.labels.build_labels', 'src.split.build_folds', 'src.models.train', 'src.models.calibrate', 'src.models.predict', 'src.evaluation.walk_forward', 'src.evaluation.backtest']"
core_symbol_BTCUSDT_012,core_symbol,core_symbol::BTCUSDT,12,50,229,crypto,BTCUSDT,binance,['top3'],"['src.ingestion.update_data', 'src.preprocessing.validate_data', 'src.features.build_features', 'src.labels.build_labels', 'src.split.build_folds', 'src.models.train', 'src.models.calibrate', 'src.models.predict', 'src.evaluation.walk_forward', 'src.evaluation.backtest']"
core_symbol_BTCUSDT_013,core_symbol,core_symbol::BTCUSDT,13,50,246,crypto,BTCUSDT,binance,['top3'],"['src.ingestion.update_data', 'src.preprocessing.validate_data', 'src.features.build_features', 'src.labels.build_labels', 'src.split.build_folds', 'src.models.train', 'src.models.calibrate', 'src.models.predict', 'src.evaluation.walk_forward', 'src.evaluation.backtest']"
core_symbol_BTCUSDT_014,core_symbol,core_symbol::BTCUSDT,14,50,263,crypto,BTCUSDT,binance,['top3'],"['src.ingestion.update_data', 'src.preprocessing.validate_data', 'src.features.build_features', 'src.labels.build_labels', 'src.split.build_folds', 'src.models.train', 'src.models.calibrate', 'src.models.predict', 'src.evaluation.walk_forward', 'src.evaluation.backtest']"
core_symbol_BTCUSDT_015,core_symbol,core_symbol::BTCUSDT,15,50,280,crypto,BTCUSDT,binance,['top3'],"['src.ingestion.update_data', 'src.preprocessing.validate_data', 'src.features.build_features', 'src.labels.build_labels', 'src.split.build_folds', 'src.models.train', 'src.models.calibrate', 'src.models.predict', 'src.evaluation.walk_forward', 'src.evaluation.backtest']"
core_symbol_BTCUSDT_016,core_symbol,core_symbol::BTCUSDT,16,50,297,crypto,BTCUSDT,binance,['top3'],"['src.ingestion.update_data', 'src.preprocessing.validate_data', 'src.features.build_features', 'src.labels.build_labels', 'src.split.build_folds', 'src.models.train', 'src.models.calibrate', 'src.models.predict', 'src.evaluation.walk_forward', 'src.evaluation.backtest']"
core_symbol_BTCUSDT_017,core_symbol,core_symbol::BTCUSDT,17,50,314,crypto,BTCUSDT,binance,['top3'],"['src.ingestion.update_data', 'src.preprocessing.validate_data', 'src.features.build_features', 'src.labels.build_labels', 'src.split.build_folds', 'src.models.train', 'src.models.calibrate', 'src.models.predict', 'src.evaluation.walk_forward', 'src.evaluation.backtest']"
core_symbol_BTCUSDT_018,core_symbol,core_symbol::BTCUSDT,18,50,331,crypto,BTCUSDT,binance,['top3'],"['src.ingestion.update_data', 'src.preprocessing.validate_data', 'src.features.build_features', 'src.labels.build_labels', 'src.split.build_folds', 'src.models.train', 'src.models.calibrate', 'src.models.predict', 'src.evaluation.walk_forward', 'src.evaluation.backtest']"
core_symbol_BTCUSDT_019,core_symbol,core_symbol::BTCUSDT,19,50,348,crypto,BTCUSDT,binance,['top3'],"['src.ingestion.update_data', 'src.preprocessing.validate_data', 'src.features.build_features', 'src.labels.build_labels', 'src.split.build_folds', 'src.models.train', 'src.models.calibrate', 'src.models.predict', 'src.evaluation.walk_forward', 'src.evaluation.backtest']"
core_symbol_BTCUSDT_020,core_symbol,core_symbol::BTCUSDT,20,50,365,crypto,BTCUSDT,binance,['top3'],"['src.ingestion.update_data', 'src.preprocessing.validate_data', 'src.features.build_features', 'src.labels.build_labels', 'src.split.build_folds', 'src.models.train', 'src.models.calibrate', 'src.models.predict', 'src.evaluation.walk_forward', 'src.evaluation.backtest']"
core_symbol_BTCUSDT_021,core_symbol,core_symbol::BTCUSDT,21,50,382,crypto,BTCUSDT,binance,['top3'],"['src.ingestion.update_data', 'src.preprocessing.validate_data', 'src.features.build_features', 'src.labels.build_labels', 'src.split.build_folds', 'src.models.train', 'src.models.calibrate', 'src.models.predict', 'src.evaluation.walk_forward', 'src.evaluation.backtest']"
core_symbol_BTCUSDT_022,core_symbol,core_symbol::BTCUSDT,22,50,399,crypto,BTCUSDT,binance,['top3'],"['src.ingestion.update_data', 'src.preprocessing.validate_data', 'src.features.build_features', 'src.labels.build_labels', 'src.split.build_folds', 'src.models.train', 'src.models.calibrate', 'src.models.predict', 'src.evaluation.walk_forward', 'src.evaluation.backtest']"
core_symbol_BTCUSDT_023,core_symbol,core_symbol::BTCUSDT,23,50,416,crypto,BTCUSDT,binance,['top3'],"['src.ingestion.update_data', 'src.preprocessing.validate_data', 'src.features.build_features', 'src.labels.build_labels', 'src.split.build_folds', 'src.models.train', 'src.models.calibrate', 'src.models.predict', 'src.evaluation.walk_forward', 'src.evaluation.backtest']"
core_symbol_BTCUSDT_024,core_symbol,core_symbol::BTCUSDT,24,50,433,crypto,BTCUSDT,binance,['top3'],"['src.ingestion.update_data', 'src.preprocessing.validate_data', 'src.features.build_features', 'src.labels.build_labels', 'src.split.build_folds', 'src.models.train', 'src.models.calibrate', 'src.models.predict', 'src.evaluation.walk_forward', 'src.evaluation.backtest']"
core_symbol_BTCUSDT_025,core_symbol,core_symbol::BTCUSDT,25,50,450,crypto,BTCUSDT,binance,['top3'],"['src.ingestion.update_data', 'src.preprocessing.validate_data', 'src.features.build_features', 'src.labels.build_labels', 'src.split.build_folds', 'src.models.train', 'src.models.calibrate', 'src.models.predict', 'src.evaluation.walk_forward', 'src.evaluation.backtest']"
core_symbol_BTCUSDT_026,core_symbol,core_symbol::BTCUSDT,26,50,467,crypto,BTCUSDT,binance,['top3'],"['src.ingestion.update_data', 'src.preprocessing.validate_data', 'src.features.build_features', 'src.labels.build_labels', 'src.split.build_folds', 'src.models.train', 'src.models.calibrate', 'src.models.predict', 'src.evaluation.walk_forward', 'src.evaluation.backtest']"
core_symbol_BTCUSDT_027,core_symbol,core_symbol::BTCUSDT,27,50,484,crypto,BTCUSDT,binance,['top3'],"['src.ingestion.update_data', 'src.preprocessing.validate_data', 'src.features.build_features', 'src.labels.build_labels', 'src.split.build_folds', 'src.models.train', 'src.models.calibrate', 'src.models.predict', 'src.evaluation.walk_forward', 'src.evaluation.backtest']"
core_symbol_BTCUSDT_028,core_symbol,core_symbol::BTCUSDT,28,50,501,crypto,BTCUSDT,binance,['top3'],"['src.ingestion.update_data', 'src.preprocessing.validate_data', 'src.features.build_features', 'src.labels.build_labels', 'src.split.build_folds', 'src.models.train', 'src.models.calibrate', 'src.models.predict', 'src.evaluation.walk_forward', 'src.evaluation.backtest']"
core_symbol_BTCUSDT_029,core_symbol,core_symbol::BTCUSDT,29,50,518,crypto,BTCUSDT,binance,['top3'],"['src.ingestion.update_data', 'src.preprocessing.validate_data', 'src.features.build_features', 'src.labels.build_labels', 'src.split.build_folds', 'src.models.train', 'src.models.calibrate', 'src.models.predict', 'src.evaluation.walk_forward', 'src.evaluation.backtest']"
core_symbol_BTCUSDT_030,core_symbol,core_symbol::BTCUSDT,30,50,535,crypto,BTCUSDT,binance,['top3'],"['src.ingestion.update_data', 'src.preprocessing.validate_data', 'src.features.build_features', 'src.labels.build_labels', 'src.split.build_folds', 'src.models.train', 'src.models.calibrate', 'src.models.predict', 'src.evaluation.walk_forward', 'src.evaluation.backtest']"
core_symbol_BTCUSDT_031,core_symbol,core_symbol::BTCUSDT,31,50,552,crypto,BTCUSDT,binance,['top3'],"['src.ingestion.update_data', 'src.preprocessing.validate_data', 'src.features.build_features', 'src.labels.build_labels', 'src.split.build_folds', 'src.models.train', 'src.models.calibrate', 'src.models.predict', 'src.evaluation.walk_forward', 'src.evaluation.backtest']"
core_symbol_BTCUSDT_032,core_symbol,core_symbol::BTCUSDT,32,50,569,crypto,BTCUSDT,binance,['top3'],"['src.ingestion.update_data', 'src.preprocessing.validate_data', 'src.features.build_features', 'src.labels.build_labels', 'src.split.build_folds', 'src.models.train', 'src.models.calibrate', 'src.models.predict', 'src.evaluation.walk_forward', 'src.evaluation.backtest']"
core_symbol_BTCUSDT_033,core_symbol,core_symbol::BTCUSDT,33,50,586,crypto,BTCUSDT,binance,['top3'],"['src.ingestion.update_data', 'src.preprocessing.validate_data', 'src.features.build_features', 'src.labels.build_labels', 'src.split.build_folds', 'src.models.train', 'src.models.calibrate', 'src.models.predict', 'src.evaluation.walk_forward', 'src.evaluation.backtest']"
core_symbol_BTCUSDT_034,core_symbol,core_symbol::BTCUSDT,34,50,603,crypto,BTCUSDT,binance,['top3'],"['src.ingestion.update_data', 'src.preprocessing.validate_data', 'src.features.build_features', 'src.labels.build_labels', 'src.split.build_folds', 'src.models.train', 'src.models.calibrate', 'src.models.predict', 'src.evaluation.walk_forward', 'src.evaluation.backtest']"
core_symbol_BTCUSDT_035,core_symbol,core_symbol::BTCUSDT,35,50,620,crypto,BTCUSDT,binance,['top3'],"['src.ingestion.update_data', 'src.preprocessing.validate_data', 'src.features.build_features', 'src.labels.build_labels', 'src.split.build_folds', 'src.models.train', 'src.models.calibrate', 'src.models.predict', 'src.evaluation.walk_forward', 'src.evaluation.backtest']"
core_symbol_BTCUSDT_036,core_symbol,core_symbol::BTCUSDT,36,50,637,crypto,BTCUSDT,binance,['top3'],"['src.ingestion.update_data', 'src.preprocessing.validate_data', 'src.features.build_features', 'src.labels.build_labels', 'src.split.build_folds', 'src.models.train', 'src.models.calibrate', 'src.models.predict', 'src.evaluation.walk_forward', 'src.evaluation.backtest']"
core_symbol_BTCUSDT_037,core_symbol,core_symbol::BTCUSDT,37,50,654,crypto,BTCUSDT,binance,['top3'],"['src.ingestion.update_data', 'src.preprocessing.validate_data', 'src.features.build_features', 'src.labels.build_labels', 'src.split.build_folds', 'src.models.train', 'src.models.calibrate', 'src.models.predict', 'src.evaluation.walk_forward', 'src.evaluation.backtest']"
core_symbol_BTCUSDT_038,core_symbol,core_symbol::BTCUSDT,38,50,671,crypto,BTCUSDT,binance,['top3'],"['src.ingestion.update_data', 'src.preprocessing.validate_data', 'src.features.build_features', 'src.labels.build_labels', 'src.split.build_folds', 'src.models.train', 'src.models.calibrate', 'src.models.predict', 'src.evaluation.walk_forward', 'src.evaluation.backtest']"
core_symbol_BTCUSDT_039,core_symbol,core_symbol::BTCUSDT,39,50,688,crypto,BTCUSDT,binance,['top3'],"['src.ingestion.update_data', 'src.preprocessing.validate_data', 'src.features.build_features', 'src.labels.build_labels', 'src.split.build_folds', 'src.models.train', 'src.models.calibrate', 'src.models.predict', 'src.evaluation.walk_forward', 'src.evaluation.backtest']"
core_symbol_BTCUSDT_040,core_symbol,core_symbol::BTCUSDT,40,50,705,crypto,BTCUSDT,binance,['top3'],"['src.ingestion.update_data', 'src.preprocessing.validate_data', 'src.features.build_features', 'src.labels.build_labels', 'src.split.build_folds', 'src.models.train', 'src.models.calibrate', 'src.models.predict', 'src.evaluation.walk_forward', 'src.evaluation.backtest']"
core_symbol_BTCUSDT_041,core_symbol,core_symbol::BTCUSDT,41,50,722,crypto,BTCUSDT,binance,['top3'],"['src.ingestion.update_data', 'src.preprocessing.validate_data', 'src.features.build_features', 'src.labels.build_labels', 'src.split.build_folds', 'src.models.train', 'src.models.calibrate', 'src.models.predict', 'src.evaluation.walk_forward', 'src.evaluation.backtest']"
core_symbol_BTCUSDT_042,core_symbol,core_symbol::BTCUSDT,42,50,739,crypto,BTCUSDT,binance,['top3'],"['src.ingestion.update_data', 'src.preprocessing.validate_data', 'src.features.build_features', 'src.labels.build_labels', 'src.split.build_folds', 'src.models.train', 'src.models.calibrate', 'src.models.predict', 'src.evaluation.walk_forward', 'src.evaluation.backtest']"
core_symbol_BTCUSDT_043,core_symbol,core_symbol::BTCUSDT,43,50,756,crypto,BTCUSDT,binance,['top3'],"['src.ingestion.update_data', 'src.preprocessing.validate_data', 'src.features.build_features', 'src.labels.build_labels', 'src.split.build_folds', 'src.models.train', 'src.models.calibrate', 'src.models.predict', 'src.evaluation.walk_forward', 'src.evaluation.backtest']"
core_symbol_BTCUSDT_044,core_symbol,core_symbol::BTCUSDT,44,50,773,crypto,BTCUSDT,binance,['top3'],"['src.ingestion.update_data', 'src.preprocessing.validate_data', 'src.features.build_features', 'src.labels.build_labels', 'src.split.build_folds', 'src.models.train', 'src.models.calibrate', 'src.models.predict', 'src.evaluation.walk_forward', 'src.evaluation.backtest']"
core_symbol_BTCUSDT_045,core_symbol,core_symbol::BTCUSDT,45,50,790,crypto,BTCUSDT,binance,['top3'],"['src.ingestion.update_data', 'src.preprocessing.validate_data', 'src.features.build_features', 'src.labels.build_labels', 'src.split.build_folds', 'src.models.train', 'src.models.calibrate', 'src.models.predict', 'src.evaluation.walk_forward', 'src.evaluation.backtest']"
core_symbol_BTCUSDT_046,core_symbol,core_symbol::BTCUSDT,46,50,807,crypto,BTCUSDT,binance,['top3'],"['src.ingestion.update_data', 'src.preprocessing.validate_data', 'src.features.build_features', 'src.labels.build_labels', 'src.split.build_folds', 'src.models.train', 'src.models.calibrate', 'src.models.predict', 'src.evaluation.walk_forward', 'src.evaluation.backtest']"
core_symbol_BTCUSDT_047,core_symbol,core_symbol::BTCUSDT,47,50,824,crypto,BTCUSDT,binance,['top3'],"['src.ingestion.update_data', 'src.preprocessing.validate_data', 'src.features.build_features', 'src.labels.build_labels', 'src.split.build_folds', 'src.models.train', 'src.models.calibrate', 'src.models.predict', 'src.evaluation.walk_forward', 'src.evaluation.backtest']"
core_symbol_BTCUSDT_048,core_symbol,core_symbol::BTCUSDT,48,50,841,crypto,BTCUSDT,binance,['top3'],"['src.ingestion.update_data', 'src.preprocessing.validate_data', 'src.features.build_features', 'src.labels.build_labels', 'src.split.build_folds', 'src.models.train', 'src.models.calibrate', 'src.models.predict', 'src.evaluation.walk_forward', 'src.evaluation.backtest']"
core_symbol_BTCUSDT_049,core_symbol,core_symbol::BTCUSDT,49,50,858,crypto,BTCUSDT,binance,['top3'],"['src.ingestion.update_data', 'src.preprocessing.validate_data', 'src.features.build_features', 'src.labels.build_labels', 'src.split.build_folds', 'src.models.train', 'src.models.calibrate', 'src.models.predict', 'src.evaluation.walk_forward', 'src.evaluation.backtest']"
core_symbol_BTCUSDT_050,core_symbol,core_symbol::BTCUSDT,50,50,875,crypto,BTCUSDT,binance,['top3'],"['src.ingestion.update_data', 'src.preprocessing.validate_data', 'src.features.build_features', 'src.labels.build_labels', 'src.split.build_folds', 'src.models.train', 'src.models.calibrate', 'src.models.predict', 'src.evaluation.walk_forward', 'src.evaluation.backtest']"
core_symbol_ETHUSDT_001,core_symbol,core_symbol::ETHUSDT,1,50,42,crypto,ETHUSDT,binance,['top3'],"['src.ingestion.update_data', 'src.preprocessing.validate_data', 'src.features.build_features', 'src.labels.build_labels', 'src.split.build_folds', 'src.models.train', 'src.models.calibrate', 'src.models.predict', 'src.evaluation.walk_forward', 'src.evaluation.backtest']"
core_symbol_ETHUSDT_002,core_symbol,core_symbol::ETHUSDT,2,50,59,crypto,ETHUSDT,binance,['top3'],"['src.ingestion.update_data', 'src.preprocessing.validate_data', 'src.features.build_features', 'src.labels.build_labels', 'src.split.build_folds', 'src.models.train', 'src.models.calibrate', 'src.models.predict', 'src.evaluation.walk_forward', 'src.evaluation.backtest']"
core_symbol_ETHUSDT_003,core_symbol,core_symbol::ETHUSDT,3,50,76,crypto,ETHUSDT,binance,['top3'],"['src.ingestion.update_data', 'src.preprocessing.validate_data', 'src.features.build_features', 'src.labels.build_labels', 'src.split.build_folds', 'src.models.train', 'src.models.calibrate', 'src.models.predict', 'src.evaluation.walk_forward', 'src.evaluation.backtest']"
core_symbol_ETHUSDT_004,core_symbol,core_symbol::ETHUSDT,4,50,93,crypto,ETHUSDT,binance,['top3'],"['src.ingestion.update_data', 'src.preprocessing.validate_data', 'src.features.build_features', 'src.labels.build_labels', 'src.split.build_folds', 'src.models.train', 'src.models.calibrate', 'src.models.predict', 'src.evaluation.walk_forward', 'src.evaluation.backtest']"
core_symbol_ETHUSDT_005,core_symbol,core_symbol::ETHUSDT,5,50,110,crypto,ETHUSDT,binance,['top3'],"['src.ingestion.update_data', 'src.preprocessing.validate_data', 'src.features.build_features', 'src.labels.build_labels', 'src.split.build_folds', 'src.models.train', 'src.models.calibrate', 'src.models.predict', 'src.evaluation.walk_forward', 'src.evaluation.backtest']"
core_symbol_ETHUSDT_006,core_symbol,core_symbol::ETHUSDT,6,50,127,crypto,ETHUSDT,binance,['top3'],"['src.ingestion.update_data', 'src.preprocessing.validate_data', 'src.features.build_features', 'src.labels.build_labels', 'src.split.build_folds', 'src.models.train', 'src.models.calibrate', 'src.models.predict', 'src.evaluation.walk_forward', 'src.evaluation.backtest']"
core_symbol_ETHUSDT_007,core_symbol,core_symbol::ETHUSDT,7,50,144,crypto,ETHUSDT,binance,['top3'],"['src.ingestion.update_data', 'src.preprocessing.validate_data', 'src.features.build_features', 'src.labels.build_labels', 'src.split.build_folds', 'src.models.train', 'src.models.calibrate', 'src.models.predict', 'src.evaluation.walk_forward', 'src.evaluation.backtest']"
core_symbol_ETHUSDT_008,core_symbol,core_symbol::ETHUSDT,8,50,161,crypto,ETHUSDT,binance,['top3'],"['src.ingestion.update_data', 'src.preprocessing.validate_data', 'src.features.build_features', 'src.labels.build_labels', 'src.split.build_folds', 'src.models.train', 'src.models.calibrate', 'src.models.predict', 'src.evaluation.walk_forward', 'src.evaluation.backtest']"
core_symbol_ETHUSDT_009,core_symbol,core_symbol::ETHUSDT,9,50,178,crypto,ETHUSDT,binance,['top3'],"['src.ingestion.update_data', 'src.preprocessing.validate_data', 'src.features.build_features', 'src.labels.build_labels', 'src.split.build_folds', 'src.models.train', 'src.models.calibrate', 'src.models.predict', 'src.evaluation.walk_forward', 'src.evaluation.backtest']"
core_symbol_ETHUSDT_010,core_symbol,core_symbol::ETHUSDT,10,50,195,crypto,ETHUSDT,binance,['top3'],"['src.ingestion.update_data', 'src.preprocessing.validate_data', 'src.features.build_features', 'src.labels.build_labels', 'src.split.build_folds', 'src.models.train', 'src.models.calibrate', 'src.models.predict', 'src.evaluation.walk_forward', 'src.evaluation.backtest']"
core_symbol_ETHUSDT_011,core_symbol,core_symbol::ETHUSDT,11,50,212,crypto,ETHUSDT,binance,['top3'],"['src.ingestion.update_data', 'src.preprocessing.validate_data', 'src.features.build_features', 'src.labels.build_labels', 'src.split.build_folds', 'src.models.train', 'src.models.calibrate', 'src.models.predict', 'src.evaluation.walk_forward', 'src.evaluation.backtest']"
core_symbol_ETHUSDT_012,core_symbol,core_symbol::ETHUSDT,12,50,229,crypto,ETHUSDT,binance,['top3'],"['src.ingestion.update_data', 'src.preprocessing.validate_data', 'src.features.build_features', 'src.labels.build_labels', 'src.split.build_folds', 'src.models.train', 'src.models.calibrate', 'src.models.predict', 'src.evaluation.walk_forward', 'src.evaluation.backtest']"
core_symbol_ETHUSDT_013,core_symbol,core_symbol::ETHUSDT,13,50,246,crypto,ETHUSDT,binance,['top3'],"['src.ingestion.update_data', 'src.preprocessing.validate_data', 'src.features.build_features', 'src.labels.build_labels', 'src.split.build_folds', 'src.models.train', 'src.models.calibrate', 'src.models.predict', 'src.evaluation.walk_forward', 'src.evaluation.backtest']"
core_symbol_ETHUSDT_014,core_symbol,core_symbol::ETHUSDT,14,50,263,crypto,ETHUSDT,binance,['top3'],"['src.ingestion.update_data', 'src.preprocessing.validate_data', 'src.features.build_features', 'src.labels.build_labels', 'src.split.build_folds', 'src.models.train', 'src.models.calibrate', 'src.models.predict', 'src.evaluation.walk_forward', 'src.evaluation.backtest']"
core_symbol_ETHUSDT_015,core_symbol,core_symbol::ETHUSDT,15,50,280,crypto,ETHUSDT,binance,['top3'],"['src.ingestion.update_data', 'src.preprocessing.validate_data', 'src.features.build_features', 'src.labels.build_labels', 'src.split.build_folds', 'src.models.train', 'src.models.calibrate', 'src.models.predict', 'src.evaluation.walk_forward', 'src.evaluation.backtest']"
core_symbol_ETHUSDT_016,core_symbol,core_symbol::ETHUSDT,16,50,297,crypto,ETHUSDT,binance,['top3'],"['src.ingestion.update_data', 'src.preprocessing.validate_data', 'src.features.build_features', 'src.labels.build_labels', 'src.split.build_folds', 'src.models.train', 'src.models.calibrate', 'src.models.predict', 'src.evaluation.walk_forward', 'src.evaluation.backtest']"
core_symbol_ETHUSDT_017,core_symbol,core_symbol::ETHUSDT,17,50,314,crypto,ETHUSDT,binance,['top3'],"['src.ingestion.update_data', 'src.preprocessing.validate_data', 'src.features.build_features', 'src.labels.build_labels', 'src.split.build_folds', 'src.models.train', 'src.models.calibrate', 'src.models.predict', 'src.evaluation.walk_forward', 'src.evaluation.backtest']"
core_symbol_ETHUSDT_018,core_symbol,core_symbol::ETHUSDT,18,50,331,crypto,ETHUSDT,binance,['top3'],"['src.ingestion.update_data', 'src.preprocessing.validate_data', 'src.features.build_features', 'src.labels.build_labels', 'src.split.build_folds', 'src.models.train', 'src.models.calibrate', 'src.models.predict', 'src.evaluation.walk_forward', 'src.evaluation.backtest']"
core_symbol_ETHUSDT_019,core_symbol,core_symbol::ETHUSDT,19,50,348,crypto,ETHUSDT,binance,['top3'],"['src.ingestion.update_data', 'src.preprocessing.validate_data', 'src.features.build_features', 'src.labels.build_labels', 'src.split.build_folds', 'src.models.train', 'src.models.calibrate', 'src.models.predict', 'src.evaluation.walk_forward', 'src.evaluation.backtest']"
core_symbol_ETHUSDT_020,core_symbol,core_symbol::ETHUSDT,20,50,365,crypto,ETHUSDT,binance,['top3'],"['src.ingestion.update_data', 'src.preprocessing.validate_data', 'src.features.build_features', 'src.labels.build_labels', 'src.split.build_folds', 'src.models.train', 'src.models.calibrate', 'src.models.predict', 'src.evaluation.walk_forward', 'src.evaluation.backtest']"
core_symbol_ETHUSDT_021,core_symbol,core_symbol::ETHUSDT,21,50,382,crypto,ETHUSDT,binance,['top3'],"['src.ingestion.update_data', 'src.preprocessing.validate_data', 'src.features.build_features', 'src.labels.build_labels', 'src.split.build_folds', 'src.models.train', 'src.models.calibrate', 'src.models.predict', 'src.evaluation.walk_forward', 'src.evaluation.backtest']"
core_symbol_ETHUSDT_022,core_symbol,core_symbol::ETHUSDT,22,50,399,crypto,ETHUSDT,binance,['top3'],"['src.ingestion.update_data', 'src.preprocessing.validate_data', 'src.features.build_features', 'src.labels.build_labels', 'src.split.build_folds', 'src.models.train', 'src.models.calibrate', 'src.models.predict', 'src.evaluation.walk_forward', 'src.evaluation.backtest']"
core_symbol_ETHUSDT_023,core_symbol,core_symbol::ETHUSDT,23,50,416,crypto,ETHUSDT,binance,['top3'],"['src.ingestion.update_data', 'src.preprocessing.validate_data', 'src.features.build_features', 'src.labels.build_labels', 'src.split.build_folds', 'src.models.train', 'src.models.calibrate', 'src.models.predict', 'src.evaluation.walk_forward', 'src.evaluation.backtest']"
core_symbol_ETHUSDT_024,core_symbol,core_symbol::ETHUSDT,24,50,433,crypto,ETHUSDT,binance,['top3'],"['src.ingestion.update_data', 'src.preprocessing.validate_data', 'src.features.build_features', 'src.labels.build_labels', 'src.split.build_folds', 'src.models.train', 'src.models.calibrate', 'src.models.predict', 'src.evaluation.walk_forward', 'src.evaluation.backtest']"
core_symbol_ETHUSDT_025,core_symbol,core_symbol::ETHUSDT,25,50,450,crypto,ETHUSDT,binance,['top3'],"['src.ingestion.update_data', 'src.preprocessing.validate_data', 'src.features.build_features', 'src.labels.build_labels', 'src.split.build_folds', 'src.models.train', 'src.models.calibrate', 'src.models.predict', 'src.evaluation.walk_forward', 'src.evaluation.backtest']"
core_symbol_ETHUSDT_026,core_symbol,core_symbol::ETHUSDT,26,50,467,crypto,ETHUSDT,binance,['top3'],"['src.ingestion.update_data', 'src.preprocessing.validate_data', 'src.features.build_features', 'src.labels.build_labels', 'src.split.build_folds', 'src.models.train', 'src.models.calibrate', 'src.models.predict', 'src.evaluation.walk_forward', 'src.evaluation.backtest']"
core_symbol_ETHUSDT_027,core_symbol,core_symbol::ETHUSDT,27,50,484,crypto,ETHUSDT,binance,['top3'],"['src.ingestion.update_data', 'src.preprocessing.validate_data', 'src.features.build_features', 'src.labels.build_labels', 'src.split.build_folds', 'src.models.train', 'src.models.calibrate', 'src.models.predict', 'src.evaluation.walk_forward', 'src.evaluation.backtest']"
core_symbol_ETHUSDT_028,core_symbol,core_symbol::ETHUSDT,28,50,501,crypto,ETHUSDT,binance,['top3'],"['src.ingestion.update_data', 'src.preprocessing.validate_data', 'src.features.build_features', 'src.labels.build_labels', 'src.split.build_folds', 'src.models.train', 'src.models.calibrate', 'src.models.predict', 'src.evaluation.walk_forward', 'src.evaluation.backtest']"
core_symbol_ETHUSDT_029,core_symbol,core_symbol::ETHUSDT,29,50,518,crypto,ETHUSDT,binance,['top3'],"['src.ingestion.update_data', 'src.preprocessing.validate_data', 'src.features.build_features', 'src.labels.build_labels', 'src.split.build_folds', 'src.models.train', 'src.models.calibrate', 'src.models.predict', 'src.evaluation.walk_forward', 'src.evaluation.backtest']"
core_symbol_ETHUSDT_030,core_symbol,core_symbol::ETHUSDT,30,50,535,crypto,ETHUSDT,binance,['top3'],"['src.ingestion.update_data', 'src.preprocessing.validate_data', 'src.features.build_features', 'src.labels.build_labels', 'src.split.build_folds', 'src.models.train', 'src.models.calibrate', 'src.models.predict', 'src.evaluation.walk_forward', 'src.evaluation.backtest']"
core_symbol_ETHUSDT_031,core_symbol,core_symbol::ETHUSDT,31,50,552,crypto,ETHUSDT,binance,['top3'],"['src.ingestion.update_data', 'src.preprocessing.validate_data', 'src.features.build_features', 'src.labels.build_labels', 'src.split.build_folds', 'src.models.train', 'src.models.calibrate', 'src.models.predict', 'src.evaluation.walk_forward', 'src.evaluation.backtest']"
core_symbol_ETHUSDT_032,core_symbol,core_symbol::ETHUSDT,32,50,569,crypto,ETHUSDT,binance,['top3'],"['src.ingestion.update_data', 'src.preprocessing.validate_data', 'src.features.build_features', 'src.labels.build_labels', 'src.split.build_folds', 'src.models.train', 'src.models.calibrate', 'src.models.predict', 'src.evaluation.walk_forward', 'src.evaluation.backtest']"
core_symbol_ETHUSDT_033,core_symbol,core_symbol::ETHUSDT,33,50,586,crypto,ETHUSDT,binance,['top3'],"['src.ingestion.update_data', 'src.preprocessing.validate_data', 'src.features.build_features', 'src.labels.build_labels', 'src.split.build_folds', 'src.models.train', 'src.models.calibrate', 'src.models.predict', 'src.evaluation.walk_forward', 'src.evaluation.backtest']"
core_symbol_ETHUSDT_034,core_symbol,core_symbol::ETHUSDT,34,50,603,crypto,ETHUSDT,binance,['top3'],"['src.ingestion.update_data', 'src.preprocessing.validate_data', 'src.features.build_features', 'src.labels.build_labels', 'src.split.build_folds', 'src.models.train', 'src.models.calibrate', 'src.models.predict', 'src.evaluation.walk_forward', 'src.evaluation.backtest']"
core_symbol_ETHUSDT_035,core_symbol,core_symbol::ETHUSDT,35,50,620,crypto,ETHUSDT,binance,['top3'],"['src.ingestion.update_data', 'src.preprocessing.validate_data', 'src.features.build_features', 'src.labels.build_labels', 'src.split.build_folds', 'src.models.train', 'src.models.calibrate', 'src.models.predict', 'src.evaluation.walk_forward', 'src.evaluation.backtest']"
core_symbol_ETHUSDT_036,core_symbol,core_symbol::ETHUSDT,36,50,637,crypto,ETHUSDT,binance,['top3'],"['src.ingestion.update_data', 'src.preprocessing.validate_data', 'src.features.build_features', 'src.labels.build_labels', 'src.split.build_folds', 'src.models.train', 'src.models.calibrate', 'src.models.predict', 'src.evaluation.walk_forward', 'src.evaluation.backtest']"
core_symbol_ETHUSDT_037,core_symbol,core_symbol::ETHUSDT,37,50,654,crypto,ETHUSDT,binance,['top3'],"['src.ingestion.update_data', 'src.preprocessing.validate_data', 'src.features.build_features', 'src.labels.build_labels', 'src.split.build_folds', 'src.models.train', 'src.models.calibrate', 'src.models.predict', 'src.evaluation.walk_forward', 'src.evaluation.backtest']"
core_symbol_ETHUSDT_038,core_symbol,core_symbol::ETHUSDT,38,50,671,crypto,ETHUSDT,binance,['top3'],"['src.ingestion.update_data', 'src.preprocessing.validate_data', 'src.features.build_features', 'src.labels.build_labels', 'src.split.build_folds', 'src.models.train', 'src.models.calibrate', 'src.models.predict', 'src.evaluation.walk_forward', 'src.evaluation.backtest']"
core_symbol_ETHUSDT_039,core_symbol,core_symbol::ETHUSDT,39,50,688,crypto,ETHUSDT,binance,['top3'],"['src.ingestion.update_data', 'src.preprocessing.validate_data', 'src.features.build_features', 'src.labels.build_labels', 'src.split.build_folds', 'src.models.train', 'src.models.calibrate', 'src.models.predict', 'src.evaluation.walk_forward', 'src.evaluation.backtest']"
core_symbol_ETHUSDT_040,core_symbol,core_symbol::ETHUSDT,40,50,705,crypto,ETHUSDT,binance,['top3'],"['src.ingestion.update_data', 'src.preprocessing.validate_data', 'src.features.build_features', 'src.labels.build_labels', 'src.split.build_folds', 'src.models.train', 'src.models.calibrate', 'src.models.predict', 'src.evaluation.walk_forward', 'src.evaluation.backtest']"
core_symbol_ETHUSDT_041,core_symbol,core_symbol::ETHUSDT,41,50,722,crypto,ETHUSDT,binance,['top3'],"['src.ingestion.update_data', 'src.preprocessing.validate_data', 'src.features.build_features', 'src.labels.build_labels', 'src.split.build_folds', 'src.models.train', 'src.models.calibrate', 'src.models.predict', 'src.evaluation.walk_forward', 'src.evaluation.backtest']"
core_symbol_ETHUSDT_042,core_symbol,core_symbol::ETHUSDT,42,50,739,crypto,ETHUSDT,binance,['top3'],"['src.ingestion.update_data', 'src.preprocessing.validate_data', 'src.features.build_features', 'src.labels.build_labels', 'src.split.build_folds', 'src.models.train', 'src.models.calibrate', 'src.models.predict', 'src.evaluation.walk_forward', 'src.evaluation.backtest']"
core_symbol_ETHUSDT_043,core_symbol,core_symbol::ETHUSDT,43,50,756,crypto,ETHUSDT,binance,['top3'],"['src.ingestion.update_data', 'src.preprocessing.validate_data', 'src.features.build_features', 'src.labels.build_labels', 'src.split.build_folds', 'src.models.train', 'src.models.calibrate', 'src.models.predict', 'src.evaluation.walk_forward', 'src.evaluation.backtest']"
core_symbol_ETHUSDT_044,core_symbol,core_symbol::ETHUSDT,44,50,773,crypto,ETHUSDT,binance,['top3'],"['src.ingestion.update_data', 'src.preprocessing.validate_data', 'src.features.build_features', 'src.labels.build_labels', 'src.split.build_folds', 'src.models.train', 'src.models.calibrate', 'src.models.predict', 'src.evaluation.walk_forward', 'src.evaluation.backtest']"
core_symbol_ETHUSDT_045,core_symbol,core_symbol::ETHUSDT,45,50,790,crypto,ETHUSDT,binance,['top3'],"['src.ingestion.update_data', 'src.preprocessing.validate_data', 'src.features.build_features', 'src.labels.build_labels', 'src.split.build_folds', 'src.models.train', 'src.models.calibrate', 'src.models.predict', 'src.evaluation.walk_forward', 'src.evaluation.backtest']"
core_symbol_ETHUSDT_046,core_symbol,core_symbol::ETHUSDT,46,50,807,crypto,ETHUSDT,binance,['top3'],"['src.ingestion.update_data', 'src.preprocessing.validate_data', 'src.features.build_features', 'src.labels.build_labels', 'src.split.build_folds', 'src.models.train', 'src.models.calibrate', 'src.models.predict', 'src.evaluation.walk_forward', 'src.evaluation.backtest']"
core_symbol_ETHUSDT_047,core_symbol,core_symbol::ETHUSDT,47,50,824,crypto,ETHUSDT,binance,['top3'],"['src.ingestion.update_data', 'src.preprocessing.validate_data', 'src.features.build_features', 'src.labels.build_labels', 'src.split.build_folds', 'src.models.train', 'src.models.calibrate', 'src.models.predict', 'src.evaluation.walk_forward', 'src.evaluation.backtest']"
core_symbol_ETHUSDT_048,core_symbol,core_symbol::ETHUSDT,48,50,841,crypto,ETHUSDT,binance,['top3'],"['src.ingestion.update_data', 'src.preprocessing.validate_data', 'src.features.build_features', 'src.labels.build_labels', 'src.split.build_folds', 'src.models.train', 'src.models.calibrate', 'src.models.predict', 'src.evaluation.walk_forward', 'src.evaluation.backtest']"
core_symbol_ETHUSDT_049,core_symbol,core_symbol::ETHUSDT,49,50,858,crypto,ETHUSDT,binance,['top3'],"['src.ingestion.update_data', 'src.preprocessing.validate_data', 'src.features.build_features', 'src.labels.build_labels', 'src.split.build_folds', 'src.models.train', 'src.models.calibrate', 'src.models.predict', 'src.evaluation.walk_forward', 'src.evaluation.backtest']"
core_symbol_ETHUSDT_050,core_symbol,core_symbol::ETHUSDT,50,50,875,crypto,ETHUSDT,binance,['top3'],"['src.ingestion.update_data', 'src.preprocessing.validate_data', 'src.features.build_features', 'src.labels.build_labels', 'src.split.build_folds', 'src.models.train', 'src.models.calibrate', 'src.models.predict', 'src.evaluation.walk_forward', 'src.evaluation.backtest']"
core_symbol_SOLUSDT_001,core_symbol,core_symbol::SOLUSDT,1,50,42,crypto,SOLUSDT,binance,['top3'],"['src.ingestion.update_data', 'src.preprocessing.validate_data', 'src.features.build_features', 'src.labels.build_labels', 'src.split.build_folds', 'src.models.train', 'src.models.calibrate', 'src.models.predict', 'src.evaluation.walk_forward', 'src.evaluation.backtest']"
core_symbol_SOLUSDT_002,core_symbol,core_symbol::SOLUSDT,2,50,59,crypto,SOLUSDT,binance,['top3'],"['src.ingestion.update_data', 'src.preprocessing.validate_data', 'src.features.build_features', 'src.labels.build_labels', 'src.split.build_folds', 'src.models.train', 'src.models.calibrate', 'src.models.predict', 'src.evaluation.walk_forward', 'src.evaluation.backtest']"
core_symbol_SOLUSDT_003,core_symbol,core_symbol::SOLUSDT,3,50,76,crypto,SOLUSDT,binance,['top3'],"['src.ingestion.update_data', 'src.preprocessing.validate_data', 'src.features.build_features', 'src.labels.build_labels', 'src.split.build_folds', 'src.models.train', 'src.models.calibrate', 'src.models.predict', 'src.evaluation.walk_forward', 'src.evaluation.backtest']"
core_symbol_SOLUSDT_004,core_symbol,core_symbol::SOLUSDT,4,50,93,crypto,SOLUSDT,binance,['top3'],"['src.ingestion.update_data', 'src.preprocessing.validate_data', 'src.features.build_features', 'src.labels.build_labels', 'src.split.build_folds', 'src.models.train', 'src.models.calibrate', 'src.models.predict', 'src.evaluation.walk_forward', 'src.evaluation.backtest']"
core_symbol_SOLUSDT_005,core_symbol,core_symbol::SOLUSDT,5,50,110,crypto,SOLUSDT,binance,['top3'],"['src.ingestion.update_data', 'src.preprocessing.validate_data', 'src.features.build_features', 'src.labels.build_labels', 'src.split.build_folds', 'src.models.train', 'src.models.calibrate', 'src.models.predict', 'src.evaluation.walk_forward', 'src.evaluation.backtest']"
core_symbol_SOLUSDT_006,core_symbol,core_symbol::SOLUSDT,6,50,127,crypto,SOLUSDT,binance,['top3'],"['src.ingestion.update_data', 'src.preprocessing.validate_data', 'src.features.build_features', 'src.labels.build_labels', 'src.split.build_folds', 'src.models.train', 'src.models.calibrate', 'src.models.predict', 'src.evaluation.walk_forward', 'src.evaluation.backtest']"
core_symbol_SOLUSDT_007,core_symbol,core_symbol::SOLUSDT,7,50,144,crypto,SOLUSDT,binance,['top3'],"['src.ingestion.update_data', 'src.preprocessing.validate_data', 'src.features.build_features', 'src.labels.build_labels', 'src.split.build_folds', 'src.models.train', 'src.models.calibrate', 'src.models.predict', 'src.evaluation.walk_forward', 'src.evaluation.backtest']"
core_symbol_SOLUSDT_008,core_symbol,core_symbol::SOLUSDT,8,50,161,crypto,SOLUSDT,binance,['top3'],"['src.ingestion.update_data', 'src.preprocessing.validate_data', 'src.features.build_features', 'src.labels.build_labels', 'src.split.build_folds', 'src.models.train', 'src.models.calibrate', 'src.models.predict', 'src.evaluation.walk_forward', 'src.evaluation.backtest']"
core_symbol_SOLUSDT_009,core_symbol,core_symbol::SOLUSDT,9,50,178,crypto,SOLUSDT,binance,['top3'],"['src.ingestion.update_data', 'src.preprocessing.validate_data', 'src.features.build_features', 'src.labels.build_labels', 'src.split.build_folds', 'src.models.train', 'src.models.calibrate', 'src.models.predict', 'src.evaluation.walk_forward', 'src.evaluation.backtest']"
core_symbol_SOLUSDT_010,core_symbol,core_symbol::SOLUSDT,10,50,195,crypto,SOLUSDT,binance,['top3'],"['src.ingestion.update_data', 'src.preprocessing.validate_data', 'src.features.build_features', 'src.labels.build_labels', 'src.split.build_folds', 'src.models.train', 'src.models.calibrate', 'src.models.predict', 'src.evaluation.walk_forward', 'src.evaluation.backtest']"
core_symbol_SOLUSDT_011,core_symbol,core_symbol::SOLUSDT,11,50,212,crypto,SOLUSDT,binance,['top3'],"['src.ingestion.update_data', 'src.preprocessing.validate_data', 'src.features.build_features', 'src.labels.build_labels', 'src.split.build_folds', 'src.models.train', 'src.models.calibrate', 'src.models.predict', 'src.evaluation.walk_forward', 'src.evaluation.backtest']"
core_symbol_SOLUSDT_012,core_symbol,core_symbol::SOLUSDT,12,50,229,crypto,SOLUSDT,binance,['top3'],"['src.ingestion.update_data', 'src.preprocessing.validate_data', 'src.features.build_features', 'src.labels.build_labels', 'src.split.build_folds', 'src.models.train', 'src.models.calibrate', 'src.models.predict', 'src.evaluation.walk_forward', 'src.evaluation.backtest']"
core_symbol_SOLUSDT_013,core_symbol,core_symbol::SOLUSDT,13,50,246,crypto,SOLUSDT,binance,['top3'],"['src.ingestion.update_data', 'src.preprocessing.validate_data', 'src.features.build_features', 'src.labels.build_labels', 'src.split.build_folds', 'src.models.train', 'src.models.calibrate', 'src.models.predict', 'src.evaluation.walk_forward', 'src.evaluation.backtest']"
core_symbol_SOLUSDT_014,core_symbol,core_symbol::SOLUSDT,14,50,263,crypto,SOLUSDT,binance,['top3'],"['src.ingestion.update_data', 'src.preprocessing.validate_data', 'src.features.build_features', 'src.labels.build_labels', 'src.split.build_folds', 'src.models.train', 'src.models.calibrate', 'src.models.predict', 'src.evaluation.walk_forward', 'src.evaluation.backtest']"
core_symbol_SOLUSDT_015,core_symbol,core_symbol::SOLUSDT,15,50,280,crypto,SOLUSDT,binance,['top3'],"['src.ingestion.update_data', 'src.preprocessing.validate_data', 'src.features.build_features', 'src.labels.build_labels', 'src.split.build_folds', 'src.models.train', 'src.models.calibrate', 'src.models.predict', 'src.evaluation.walk_forward', 'src.evaluation.backtest']"
core_symbol_SOLUSDT_016,core_symbol,core_symbol::SOLUSDT,16,50,297,crypto,SOLUSDT,binance,['top3'],"['src.ingestion.update_data', 'src.preprocessing.validate_data', 'src.features.build_features', 'src.labels.build_labels', 'src.split.build_folds', 'src.models.train', 'src.models.calibrate', 'src.models.predict', 'src.evaluation.walk_forward', 'src.evaluation.backtest']"
core_symbol_SOLUSDT_017,core_symbol,core_symbol::SOLUSDT,17,50,314,crypto,SOLUSDT,binance,['top3'],"['src.ingestion.update_data', 'src.preprocessing.validate_data', 'src.features.build_features', 'src.labels.build_labels', 'src.split.build_folds', 'src.models.train', 'src.models.calibrate', 'src.models.predict', 'src.evaluation.walk_forward', 'src.evaluation.backtest']"
core_symbol_SOLUSDT_018,core_symbol,core_symbol::SOLUSDT,18,50,331,crypto,SOLUSDT,binance,['top3'],"['src.ingestion.update_data', 'src.preprocessing.validate_data', 'src.features.build_features', 'src.labels.build_labels', 'src.split.build_folds', 'src.models.train', 'src.models.calibrate', 'src.models.predict', 'src.evaluation.walk_forward', 'src.evaluation.backtest']"
core_symbol_SOLUSDT_019,core_symbol,core_symbol::SOLUSDT,19,50,348,crypto,SOLUSDT,binance,['top3'],"['src.ingestion.update_data', 'src.preprocessing.validate_data', 'src.features.build_features', 'src.labels.build_labels', 'src.split.build_folds', 'src.models.train', 'src.models.calibrate', 'src.models.predict', 'src.evaluation.walk_forward', 'src.evaluation.backtest']"
core_symbol_SOLUSDT_020,core_symbol,core_symbol::SOLUSDT,20,50,365,crypto,SOLUSDT,binance,['top3'],"['src.ingestion.update_data', 'src.preprocessing.validate_data', 'src.features.build_features', 'src.labels.build_labels', 'src.split.build_folds', 'src.models.train', 'src.models.calibrate', 'src.models.predict', 'src.evaluation.walk_forward', 'src.evaluation.backtest']"
core_symbol_SOLUSDT_021,core_symbol,core_symbol::SOLUSDT,21,50,382,crypto,SOLUSDT,binance,['top3'],"['src.ingestion.update_data', 'src.preprocessing.validate_data', 'src.features.build_features', 'src.labels.build_labels', 'src.split.build_folds', 'src.models.train', 'src.models.calibrate', 'src.models.predict', 'src.evaluation.walk_forward', 'src.evaluation.backtest']"
core_symbol_SOLUSDT_022,core_symbol,core_symbol::SOLUSDT,22,50,399,crypto,SOLUSDT,binance,['top3'],"['src.ingestion.update_data', 'src.preprocessing.validate_data', 'src.features.build_features', 'src.labels.build_labels', 'src.split.build_folds', 'src.models.train', 'src.models.calibrate', 'src.models.predict', 'src.evaluation.walk_forward', 'src.evaluation.backtest']"
core_symbol_SOLUSDT_023,core_symbol,core_symbol::SOLUSDT,23,50,416,crypto,SOLUSDT,binance,['top3'],"['src.ingestion.update_data', 'src.preprocessing.validate_data', 'src.features.build_features', 'src.labels.build_labels', 'src.split.build_folds', 'src.models.train', 'src.models.calibrate', 'src.models.predict', 'src.evaluation.walk_forward', 'src.evaluation.backtest']"
core_symbol_SOLUSDT_024,core_symbol,core_symbol::SOLUSDT,24,50,433,crypto,SOLUSDT,binance,['top3'],"['src.ingestion.update_data', 'src.preprocessing.validate_data', 'src.features.build_features', 'src.labels.build_labels', 'src.split.build_folds', 'src.models.train', 'src.models.calibrate', 'src.models.predict', 'src.evaluation.walk_forward', 'src.evaluation.backtest']"
core_symbol_SOLUSDT_025,core_symbol,core_symbol::SOLUSDT,25,50,450,crypto,SOLUSDT,binance,['top3'],"['src.ingestion.update_data', 'src.preprocessing.validate_data', 'src.features.build_features', 'src.labels.build_labels', 'src.split.build_folds', 'src.models.train', 'src.models.calibrate', 'src.models.predict', 'src.evaluation.walk_forward', 'src.evaluation.backtest']"
core_symbol_SOLUSDT_026,core_symbol,core_symbol::SOLUSDT,26,50,467,crypto,SOLUSDT,binance,['top3'],"['src.ingestion.update_data', 'src.preprocessing.validate_data', 'src.features.build_features', 'src.labels.build_labels', 'src.split.build_folds', 'src.models.train', 'src.models.calibrate', 'src.models.predict', 'src.evaluation.walk_forward', 'src.evaluation.backtest']"
core_symbol_SOLUSDT_027,core_symbol,core_symbol::SOLUSDT,27,50,484,crypto,SOLUSDT,binance,['top3'],"['src.ingestion.update_data', 'src.preprocessing.validate_data', 'src.features.build_features', 'src.labels.build_labels', 'src.split.build_folds', 'src.models.train', 'src.models.calibrate', 'src.models.predict', 'src.evaluation.walk_forward', 'src.evaluation.backtest']"
core_symbol_SOLUSDT_028,core_symbol,core_symbol::SOLUSDT,28,50,501,crypto,SOLUSDT,binance,['top3'],"['src.ingestion.update_data', 'src.preprocessing.validate_data', 'src.features.build_features', 'src.labels.build_labels', 'src.split.build_folds', 'src.models.train', 'src.models.calibrate', 'src.models.predict', 'src.evaluation.walk_forward', 'src.evaluation.backtest']"
core_symbol_SOLUSDT_029,core_symbol,core_symbol::SOLUSDT,29,50,518,crypto,SOLUSDT,binance,['top3'],"['src.ingestion.update_data', 'src.preprocessing.validate_data', 'src.features.build_features', 'src.labels.build_labels', 'src.split.build_folds', 'src.models.train', 'src.models.calibrate', 'src.models.predict', 'src.evaluation.walk_forward', 'src.evaluation.backtest']"
core_symbol_SOLUSDT_030,core_symbol,core_symbol::SOLUSDT,30,50,535,crypto,SOLUSDT,binance,['top3'],"['src.ingestion.update_data', 'src.preprocessing.validate_data', 'src.features.build_features', 'src.labels.build_labels', 'src.split.build_folds', 'src.models.train', 'src.models.calibrate', 'src.models.predict', 'src.evaluation.walk_forward', 'src.evaluation.backtest']"
core_symbol_SOLUSDT_031,core_symbol,core_symbol::SOLUSDT,31,50,552,crypto,SOLUSDT,binance,['top3'],"['src.ingestion.update_data', 'src.preprocessing.validate_data', 'src.features.build_features', 'src.labels.build_labels', 'src.split.build_folds', 'src.models.train', 'src.models.calibrate', 'src.models.predict', 'src.evaluation.walk_forward', 'src.evaluation.backtest']"
core_symbol_SOLUSDT_032,core_symbol,core_symbol::SOLUSDT,32,50,569,crypto,SOLUSDT,binance,['top3'],"['src.ingestion.update_data', 'src.preprocessing.validate_data', 'src.features.build_features', 'src.labels.build_labels', 'src.split.build_folds', 'src.models.train', 'src.models.calibrate', 'src.models.predict', 'src.evaluation.walk_forward', 'src.evaluation.backtest']"
core_symbol_SOLUSDT_033,core_symbol,core_symbol::SOLUSDT,33,50,586,crypto,SOLUSDT,binance,['top3'],"['src.ingestion.update_data', 'src.preprocessing.validate_data', 'src.features.build_features', 'src.labels.build_labels', 'src.split.build_folds', 'src.models.train', 'src.models.calibrate', 'src.models.predict', 'src.evaluation.walk_forward', 'src.evaluation.backtest']"
core_symbol_SOLUSDT_034,core_symbol,core_symbol::SOLUSDT,34,50,603,crypto,SOLUSDT,binance,['top3'],"['src.ingestion.update_data', 'src.preprocessing.validate_data', 'src.features.build_features', 'src.labels.build_labels', 'src.split.build_folds', 'src.models.train', 'src.models.calibrate', 'src.models.predict', 'src.evaluation.walk_forward', 'src.evaluation.backtest']"
core_symbol_SOLUSDT_035,core_symbol,core_symbol::SOLUSDT,35,50,620,crypto,SOLUSDT,binance,['top3'],"['src.ingestion.update_data', 'src.preprocessing.validate_data', 'src.features.build_features', 'src.labels.build_labels', 'src.split.build_folds', 'src.models.train', 'src.models.calibrate', 'src.models.predict', 'src.evaluation.walk_forward', 'src.evaluation.backtest']"
core_symbol_SOLUSDT_036,core_symbol,core_symbol::SOLUSDT,36,50,637,crypto,SOLUSDT,binance,['top3'],"['src.ingestion.update_data', 'src.preprocessing.validate_data', 'src.features.build_features', 'src.labels.build_labels', 'src.split.build_folds', 'src.models.train', 'src.models.calibrate', 'src.models.predict', 'src.evaluation.walk_forward', 'src.evaluation.backtest']"
core_symbol_SOLUSDT_037,core_symbol,core_symbol::SOLUSDT,37,50,654,crypto,SOLUSDT,binance,['top3'],"['src.ingestion.update_data', 'src.preprocessing.validate_data', 'src.features.build_features', 'src.labels.build_labels', 'src.split.build_folds', 'src.models.train', 'src.models.calibrate', 'src.models.predict', 'src.evaluation.walk_forward', 'src.evaluation.backtest']"
core_symbol_SOLUSDT_038,core_symbol,core_symbol::SOLUSDT,38,50,671,crypto,SOLUSDT,binance,['top3'],"['src.ingestion.update_data', 'src.preprocessing.validate_data', 'src.features.build_features', 'src.labels.build_labels', 'src.split.build_folds', 'src.models.train', 'src.models.calibrate', 'src.models.predict', 'src.evaluation.walk_forward', 'src.evaluation.backtest']"
core_symbol_SOLUSDT_039,core_symbol,core_symbol::SOLUSDT,39,50,688,crypto,SOLUSDT,binance,['top3'],"['src.ingestion.update_data', 'src.preprocessing.validate_data', 'src.features.build_features', 'src.labels.build_labels', 'src.split.build_folds', 'src.models.train', 'src.models.calibrate', 'src.models.predict', 'src.evaluation.walk_forward', 'src.evaluation.backtest']"
core_symbol_SOLUSDT_040,core_symbol,core_symbol::SOLUSDT,40,50,705,crypto,SOLUSDT,binance,['top3'],"['src.ingestion.update_data', 'src.preprocessing.validate_data', 'src.features.build_features', 'src.labels.build_labels', 'src.split.build_folds', 'src.models.train', 'src.models.calibrate', 'src.models.predict', 'src.evaluation.walk_forward', 'src.evaluation.backtest']"
core_symbol_SOLUSDT_041,core_symbol,core_symbol::SOLUSDT,41,50,722,crypto,SOLUSDT,binance,['top3'],"['src.ingestion.update_data', 'src.preprocessing.validate_data', 'src.features.build_features', 'src.labels.build_labels', 'src.split.build_folds', 'src.models.train', 'src.models.calibrate', 'src.models.predict', 'src.evaluation.walk_forward', 'src.evaluation.backtest']"
core_symbol_SOLUSDT_042,core_symbol,core_symbol::SOLUSDT,42,50,739,crypto,SOLUSDT,binance,['top3'],"['src.ingestion.update_data', 'src.preprocessing.validate_data', 'src.features.build_features', 'src.labels.build_labels', 'src.split.build_folds', 'src.models.train', 'src.models.calibrate', 'src.models.predict', 'src.evaluation.walk_forward', 'src.evaluation.backtest']"
core_symbol_SOLUSDT_043,core_symbol,core_symbol::SOLUSDT,43,50,756,crypto,SOLUSDT,binance,['top3'],"['src.ingestion.update_data', 'src.preprocessing.validate_data', 'src.features.build_features', 'src.labels.build_labels', 'src.split.build_folds', 'src.models.train', 'src.models.calibrate', 'src.models.predict', 'src.evaluation.walk_forward', 'src.evaluation.backtest']"
core_symbol_SOLUSDT_044,core_symbol,core_symbol::SOLUSDT,44,50,773,crypto,SOLUSDT,binance,['top3'],"['src.ingestion.update_data', 'src.preprocessing.validate_data', 'src.features.build_features', 'src.labels.build_labels', 'src.split.build_folds', 'src.models.train', 'src.models.calibrate', 'src.models.predict', 'src.evaluation.walk_forward', 'src.evaluation.backtest']"
core_symbol_SOLUSDT_045,core_symbol,core_symbol::SOLUSDT,45,50,790,crypto,SOLUSDT,binance,['top3'],"['src.ingestion.update_data', 'src.preprocessing.validate_data', 'src.features.build_features', 'src.labels.build_labels', 'src.split.build_folds', 'src.models.train', 'src.models.calibrate', 'src.models.predict', 'src.evaluation.walk_forward', 'src.evaluation.backtest']"
core_symbol_SOLUSDT_046,core_symbol,core_symbol::SOLUSDT,46,50,807,crypto,SOLUSDT,binance,['top3'],"['src.ingestion.update_data', 'src.preprocessing.validate_data', 'src.features.build_features', 'src.labels.build_labels', 'src.split.build_folds', 'src.models.train', 'src.models.calibrate', 'src.models.predict', 'src.evaluation.walk_forward', 'src.evaluation.backtest']"
core_symbol_SOLUSDT_047,core_symbol,core_symbol::SOLUSDT,47,50,824,crypto,SOLUSDT,binance,['top3'],"['src.ingestion.update_data', 'src.preprocessing.validate_data', 'src.features.build_features', 'src.labels.build_labels', 'src.split.build_folds', 'src.models.train', 'src.models.calibrate', 'src.models.predict', 'src.evaluation.walk_forward', 'src.evaluation.backtest']"
core_symbol_SOLUSDT_048,core_symbol,core_symbol::SOLUSDT,48,50,841,crypto,SOLUSDT,binance,['top3'],"['src.ingestion.update_data', 'src.preprocessing.validate_data', 'src.features.build_features', 'src.labels.build_labels', 'src.split.build_folds', 'src.models.train', 'src.models.calibrate', 'src.models.predict', 'src.evaluation.walk_forward', 'src.evaluation.backtest']"
core_symbol_SOLUSDT_049,core_symbol,core_symbol::SOLUSDT,49,50,858,crypto,SOLUSDT,binance,['top3'],"['src.ingestion.update_data', 'src.preprocessing.validate_data', 'src.features.build_features', 'src.labels.build_labels', 'src.split.build_folds', 'src.models.train', 'src.models.calibrate', 'src.models.predict', 'src.evaluation.walk_forward', 'src.evaluation.backtest']"
core_symbol_SOLUSDT_050,core_symbol,core_symbol::SOLUSDT,50,50,875,crypto,SOLUSDT,binance,['top3'],"['src.ingestion.update_data', 'src.preprocessing.validate_data', 'src.features.build_features', 'src.labels.build_labels', 'src.split.build_folds', 'src.models.train', 'src.models.calibrate', 'src.models.predict', 'src.evaluation.walk_forward', 'src.evaluation.backtest']"
